 ,,,,,,,,,,
,,,,,,,,,,
SINORNIS מערכת בקרה,,,,,C:\Users\Ro050\Michael Shigrin Soko Dropbox\Michael Shigrin Sokol\SINORNIS\Design\Alerts\Alerts Sinornis check list (1).xlsx,,,,,
מספר התראה,המלצות,התראות,תנאים,עדיפות,סיווג,,,,,
1,כדאי להפחית את משך הזמרת המים במזרח הלח,מתקיימים תנאי עומס חום בלול,עומס חום גבוהה מ 150 אזור A,גבוה,טמפרטורה, bird strugle breathing,,,,
,יש לפתוח  דמפרים במרכז הלול,,עומס חום גבוהה מ 150 אזור B,,,or combination of water vaipers and red sun,,,,
,יש להוסיף מאוורר לפיזור החום באופן אחיד בלול או להשתמש בבוחשים,,עומס חום גבוהה מ 150 אזור C,,,,,,,
2,יש לשקול תוספת מאוורר באוורור המינימום,מערכת מזהה תבנית שלהצטברות גז CO2 ברמה חריגה  , לזמן 5 שעות ברצף PPM 5000,בינוני,גזים,bird with a lot of co2 molecules arund ,,,,
,,,,,,,,,,
3,1. יש להוסיף דמפרים,המערכת מזהה תבנית של הצטברות גז H2S ברמה חריגה,30PPM לזמן 5 שעות ברצף,בינוני,גזים,,,,,
,2. יש לקצר זמן מחזור במינימום,,,,,,,,,
,"3. יש לשקול תוספת קוב לק""ג משקל גוף קיים בלול.",,,,,bird with a lot of h2s molecules arund ,,,,
,4. יש להזמין רופא לבדיקת מעיים,,,,,,,,,
,5. יש לבדוק מצב הרפד,,,,,,,,,
4,"סיכון לדיכוי אכילה וגדילה ,שים לב ללשלשת העופות ? הגברת אוורור וקיצור זמן מחזור במינימום,להזמין רופא לבדיקה",שילוב גזים ברמה קריטית,"שילוב גזים ל6 שועת 
האמוניה ? 20  PPM
H2S- 20 PPM
CO2 ? 4000 PPM",גבוה,גזים,bird with a lot of  molecules arund and danger sign,,,,
,,,,,,,,,,
,,,H2S- 20 PPM,,,,,,,
,,,CO2 ? 4000 PPM,,,,,,,
5,יש להגביר מהירות אוויר לפינוי חום מהיר יותר,"אי-אזון במערכת אוורור מעל טמפרטורה הרצויה 
(שני האזורים מעל טמפרטורה רצויה)",הפרש של 2.5 מעלות בין האזורים ,בינוני,אוורור,,,,,
,,,,,,fun blowin wind ,,,,
,,,,,,,,,,
6,"יש לבדוק תנורים באזור הקר,יש לבדוק חלוקת כניסות אויר",אי-אזון במערכת אוורור מתחת לטמפרטורה הרצויה,הפרש של 2.5 מעלות בין האזורים ,בינוני,אוורור,broken heater,,צריך שינו ההתראה,,אזור X קר מידי
7,יש לקצר את זמן הצינון או לחילופין להאריך את זמן הייבוש בין הצינונים,טמפרטורה באזור A נמוכה מידי,הפרש למעלה מ 3 מעלות בין A ל C,גבוה,טמפרטורה,running water on cooling pad and timer,,,,
8,לבדוק את מרקם התערובת . שאכן הכופתית מספיק קשה ולא מתפוררת לאבקה בצלחות. ,רמת אבק PM2.5 גבוהות,לפי טבלת AQI  3 מצב MODETARE  למשך 3 שעות ,בינוני,זיהום,,,,,
,,,,,,,,,,
," יתכן והרפד יבש מידי ויש אבק רב באוויר . ניתן לאוורר מעט פחות הדבר יתרום להעלאת הלחות, ולהפחתת אבק.",,,,,bird in a room full with dust,,,,
9,סיכון להתפתחות מחלה נשימתית התייעץ במדריך,רמת אבק PM2.5  גבוה + רמת H2S בינונית ,שילוב שני הפרמטרים לתקופה של  6 שעות:,גבוה,זיהום,,,,,
,,,AQI  גדול מ Unhealthy,,,flying dust and h2s molecules flashing  ,,,,
,,,H2S גדול מ40 PPM,,,,,,,
10,סיכון לבעייה נשימתית ? התייעץ במדריך,אמוניה ברמה גבוה,האמוניה מעל 25 PPM לזמן של 6 שעות רציף,גבוה,גזים ,flying nh3 molecules flashing  ,,,,
11,"רפד רטוב- יש להעלות טמפרטורת מטרה בחצי מעלה, יש להוסיף נסורת יבשה במקומות הרטובים",לחות גבוה אמוניה חריגה,שילוב שני הפרמטרים לתקופה של  6 שעות:RH מעל 70%  + האמוניה מעל 30PPM ,בינוני,לחות,,,,,
,,,,,,,,,,
,,,,,,flying nh3 molecules and water drops  flashing  ,,,,
12,לחות נמוכה תורמת לתחושת הקור. יש לצמצם זמן אוורור מינימום להעלאת הלחות,לחות נמוכה בלול,לתקופה של  5 שעות לחות נמוכה מ 45%,גבוה,לחות,desert ,,,,
,,,RH מתחת 45% ,,,,,,,
,,,,,,,,,,
13,תנאים להתפתחות מחלות נשימה יש להתייעץ ברופא,אבק ולחות גבוהים מהנורמה,שילוב שני הפרמטרים לתקופה של  10 שעות:AQI  גדול מ 150 + RH מעל 70%,בינוני,לחות,,,,,
,,,,,,happy bacteria flying,,,,
,"רמות אוורור לא מספיקות לפינוי לחות מצטברת בלול, יש להעלות את קוב אוויר לק""ג.",,,,,,,,,
14,"יש ללבדוק תת לחץ 
יש לבדוק אחוז פתיחת דמפר ש לבדוק קיצור זמן מחזור
 יש לבדוק קיצור זמן מחזור הפעלה","אוורור מינימום,רוח על האפרוחים",זרימת אוויר מעל 0.3 m/s על גבי אפרוחים בכל הפעלת אוורור  (14 ימים ראשונים),גבוה,אוורור,wind on chilled  chicks ,,,,
,,,,,,,,,,
,,,,,,,,,,
15,מהירות רוח נמוכה יש להוסיף קבוצת אוורור ,אחידות טמפרטורה במבנה נמוכה ,אוורור מנהרה + הפרש של מעל 2.5  מעלות מקצה לקצה (חיישני A+C) + מהירות רוח פחות מ 0.5,בינוני,טמפרטורה,fun blowin wind ,,,,
,,,,,,,,,,
,,,,,,,,,,
16,,טמפרטורה נמוכה באזור A מהירות רוח נמדדת XX,הפרש בין A ל B בין 1 ל 1.5 מעלה  ובין A ל C בין 3 ל 4 מעלות ,גבוה,טמפרטורה,,,,,
,יש לוודא שזמן הרטבת ,,,,,,,,,
,המזרן הלח  מתאים,,,,,running water on cooling pad and timer,,,,
17,יש לבחון את מדדי הלול טמפרטורה וזרימת אוויר,נשמעים קולות המעידים על תנאי עקה,קול חריג,בינוני,צליל,,,,,
,,,,,,loud voice out of bird ,,,,
,,,,,,,,,,
18,יש להיוועץ ברופא במידי,נשמעים קולות חירחור/עקת נשימה,קולות נשימה חריגים,גבוה,צליל,,,,,
,,,,,,loud voice out of bird ,,,,
19,יש לבדוק התאמת טמפרטורה לגיל ולקצב הגדילה,להקה שקטה מידי,שקט מידי,בינוני,צליל,loud voice out of bird with a question mark,,,,
20,בד?כ קר מידי יש להתאים ,רמת ציוצים גבוה - ,להקה רועשת מידי,גבוה,צליל,,,,,
,טמפרטורה ללהקה,רעש חריג,,,,loud voice out of bird ,,,,
21,וודא מעבר לאורור רציף,חום חריג ,חום 2 מעלות מעל רצויה,נמוך,טמפרטורה,flashing heater,,,,
22,וודא מעבר לאוורור אורך קר,חום חריג,חום 3.5 מעלות מעל רצויה,בינוני,טמפרטורה,flashing heater,,,,
,,,,,טמפרטורה,,,,,
23,וודא מעבר לאוורור מנהרה,חום חריג,חום מעל 4 מהרצויה ,גבוה,טמפרטורה,flashing 2 heaters,,,,
,,חום חריג,,,טמפרטורה,,,,,
24,וודא שמרכת הצינון פעילה,חום חריג,חום 6 מעלות מעל הרצויה,קריטי,טמפרטורה,flashing 3 heaters,,,,
25,וודא שמערכת החימום ,טמפ מתחת לרצויה,1.5 מעלות מתחת לרצוי(10 דקות),גבוה,טמפרטורה,,,,,
,פעילה,מעל 10 דקות,,,טמפרטורה,falling snow ,,,,
27,וודא שמערכת החימום ,טמפ מתחת לרצויה,1.5 מעלות מתחת לרצויה( 30 דקות),גבוה,טמפרטורה,,,,,
,פעילה,מעל 30 דקות,,,טמפרטורה,falling snow ,,,,
27,בדוק דחוף את מערכת ,קור חריג,3 מתחת לרצויה ( 10 דקות),קריטי,טמפרטורה,,,,,
,החימום,מעל 10 דקות,,,טמפרטורה,falling snow flashing ,,,,
28,בדוק דחוף את מערכת ,קור חריג,3 מתחת לרצויה (30 דקות),קריטי,טמפרטורה,,,,,
,החימום,מעל 30 דקות,,,טמפרטורה,falling snow flashing ,,,,
"* ניתן גם להוסיף התראה על משך הזמן  (מעל 2/1 שעה ולציין את משך הזמן המצטבר מתחת לרצוייה)  ,במצב של קור להתראות 25 , 26",,,,,,,,,,
,,,,,,,,,,
Median for 10 min (parameter)? will be managed for a time framed notifications,,,,,,,,,,
